Prénom,Téléphone
LUKA,06 92 09 69 22
LAURE,06 92 53 08 40
NORAH,06 92 82 89 72
KENNY,06 92 75 24 87
KYLIAN,06 92 02 91 25
SOLÈNE,06 93 46 49 00
TIMOTHÉE,06 92 36 17 73
ANGELIQUE,06 93 01 58 17
CASSANDRE,06 92 15 61 00
ELISABETH,06 92 21 67 92
SASHA,06 93 56 69 66
CURTIS,06 93 41 77 23
ELISE,06 92 46 52 86
THAIS,06 92 96 38 35
ROMANE,06 92 92 07 97
SORAYA,06 92 33 13 46
LUNA,06 93 39 45 23
WARREN,06 93 58 94 24
EULALIE,06 92 57 67 28
CHARLOTTE,06 92 71 00 30
LOHAN,06 93 46 49 69
MAELY,06 93 71 82 22
ADRIEN,06 92 95 79 64
JULIA,06 92 74 34 44
MELINDA,06 93 57 48 87
LÉA,06 92 90 11 23
LOUKA,06 92 79 73 80
LYAH,06 92 80 06 03
NOHAN,06 93 76 18 47
ILANA,06 92 82 64 27
KENZA,06 92 06 37 30
SHANNA,06 93 06 83 01
ZOÉ,06 93 31 40 33
KYLLIAN,06 92 07 86 80
AMELIA,06 92 50 63 88
SLOANE,06 93 54 64 54
LALITA,06 93 87 27 00
LORENA,06 92 68 80 70
LYLA,06 93 39 68 76
MILEY,06 93 83 96 54
NORA,06 92 04 41 82
LAURA,06 92 70 68 73
NAEL,06 92 67 94 15
VICTOR,06 93 35 49 40
NOAM,06 92 83 18 78
ALICIA,06 93 29 36 31
NAIMA,06 92 07 42 22
THAÏS,06 93 99 41 84
NOAH,06 92 58 12 62
GABRIEL,06 92 45 86 27
